[{"model": "sessions.session", "pk": "ybsu2shrccsfhbbxufegecxtekrx8wii", "fields": {"session_data": ".eJxVjDsOwjAQBe_iGllZ_9ampM8ZrLXX4ABypDipEHeHSCmgfTPzXiLStta49bLEicVZgDj9bonyo7Qd8J3abZZ5busyJbkr8qBdjjOX5-Vw_w4q9fqtPRskZ7IzhshiZhV0UICDCQTKKKsBLTMCa7ApW4-gg_Z4zYNFUE68P7KyNiU:1uYpFW:JVGNLNlM9SlXASI7qOpqrDK1z0Q5njriKvVUGL6Jwyo", "expire_date": "2025-07-21T17:03:26.753Z"}}, {"model": "sessions.session", "pk": "yoeo5z1jp4x9oyadpqejfa0c61l1797d", "fields": {"session_data": ".eJxVjDsOwjAQBe_iGllZ_9ampM8ZrLXX4ABypDipEHeHSCmgfTPzXiLStta49bLEicVZgDj9bonyo7Qd8J3abZZ5busyJbkr8qBdjjOX5-Vw_w4q9fqtPRskZ7IzhshiZhV0UICDCQTKKKsBLTMCa7ApW4-gg_Z4zYNFUE68P7KyNiU:1ueBve:OYHtDhqfnx2y1B5F-z9c9cXhubiFdO-Lqm9auIv4Q5I", "expire_date": "2025-08-05T12:17:06.414Z"}}, {"model": "sessions.session", "pk": "z4kpf6hyoyqm6lm80mduj7n5zfh0f6qf", "fields": {"session_data": ".eJxVjDsOwjAQBe_iGllZ_9ampM8ZrLXX4ABypDipEHeHSCmgfTPzXiLStta49bLEicVZgDj9bonyo7Qd8J3abZZ5busyJbkr8qBdjjOX5-Vw_w4q9fqtPRskZ7IzhshiZhV0UICDCQTKKKsBLTMCa7ApW4-gg_Z4zYNFUE68P7KyNiU:1ujKMI:vtSs94XpycCApkovFFuafta5xpt7Df1J-wlp6-hJwyw", "expire_date": "2025-08-19T16:17:50.393Z"}}, {"model": "api.user", "fields": {"password": "pbkdf2_sha256$600000$w6aG2rBtdT3ukuxihjzp6U$ZOJiTfgqXWaXrorMFJCDcjpXceh94bYQh5lP3DtCDMU=", "last_login": "2025-08-05T16:17:50.388Z", "is_superuser": true, "username": "Felix", "first_name": "", "last_name": "", "email": "felixwong.jl@outlook.com", "is_staff": true, "is_active": true, "date_joined": "2025-07-07T17:02:59.442Z", "total_points": 0, "current_streak": 0, "last_streak_date": null, "created_at": "2025-07-08T12:07:56.140Z", "left_handed": false, "groups": [], "user_permissions": []}}, {"model": "api.user", "fields": {"password": "pbkdf2_sha256$600000$dW69ybPpmOuIMW9IPgTmRZ$zposIgeDDme5Ih47Lv7Du7spsiL62yDqvhfOU/WTZpo=", "last_login": null, "is_superuser": false, "username": "james", "first_name": "", "last_name": "", "email": "james@gmail.com", "is_staff": false, "is_active": true, "date_joined": "2025-07-07T17:42:04.800Z", "total_points": 0, "current_streak": 0, "last_streak_date": null, "created_at": "2025-07-08T12:07:56.140Z", "left_handed": false, "groups": [], "user_permissions": []}}, {"model": "api.user", "fields": {"password": "pbkdf2_sha256$600000$oBeggUyYPJ9vuPK8al0Keo$90L/dMhqw0J377fhLCTjr1d9l1O1pkcevMfoecfL8fw=", "last_login": "2025-07-15T13:17:56Z", "is_superuser": false, "username": "testuser", "first_name": "", "last_name": "", "email": "test@example.com", "is_staff": false, "is_active": true, "date_joined": "2025-07-09T11:47:06Z", "total_points": 200, "current_streak": 0, "last_streak_date": null, "created_at": "2025-07-09T11:47:06.467Z", "left_handed": false, "groups": [], "user_permissions": []}}, {"model": "api.user", "fields": {"password": "pbkdf2_sha256$600000$L351fdAfin2VznhFWxGWdZ$lMJnxW8V4LL81Pjg0bJ5s3P/t4kSlVknw0fPcAe0Edc=", "last_login": null, "is_superuser": false, "username": "new_user", "first_name": "", "last_name": "", "email": "new_user@mail.com", "is_staff": false, "is_active": true, "date_joined": "2025-07-11T13:29:08Z", "total_points": 1150, "current_streak": 0, "last_streak_date": "2025-07-30", "created_at": "2025-07-11T13:29:09.092Z", "left_handed": true, "groups": [], "user_permissions": []}}, {"model": "api.user", "fields": {"password": "pbkdf2_sha256$600000$XPoot9lr3Ignc5ZydoQJps$bZzkitMQaAh9g7C8EWMAihTXFFGnVadTUWyya+lDZr4=", "last_login": null, "is_superuser": false, "username": "Joe", "first_name": "", "last_name": "", "email": "joe@mail.com", "is_staff": false, "is_active": true, "date_joined": "2025-07-25T12:46:09.350Z", "total_points": 0, "current_streak": 0, "last_streak_date": null, "created_at": "2025-07-25T12:46:09.680Z", "left_handed": true, "groups": [], "user_permissions": []}}, {"model": "api.user", "fields": {"password": "pbkdf2_sha256$600000$M09JSTTQsdhXuqm1xK4F36$tvp/BKmVWc4IbdsI+jYP3F/ALf/kqHfW0IusYG/TF7M=", "last_login": null, "is_superuser": false, "username": "integrationTest", "first_name": "", "last_name": "", "email": "integrationTest@example.com", "is_staff": false, "is_active": true, "date_joined": "2025-08-05T15:38:32Z", "total_points": 450, "current_streak": 1, "last_streak_date": "2025-08-05", "created_at": "2025-08-05T15:38:32.421Z", "left_handed": true, "groups": [], "user_permissions": []}}, {"model": "api.category", "pk": 1, "fields": {"name": "Fingerspelling", "description": "Master the building blocks of ASL. This section covers the complete ASL alphabet, essential for any signer", "order_index": 1}}, {"model": "api.lesson", "pk": 1, "fields": {"category": 1, "sign_name": "A", "description": "How to sign the letter A", "unlock_cost": 0, "completion_points": 50}}, {"model": "api.lesson", "pk": 2, "fields": {"category": 1, "sign_name": "B", "description": "How to sign the letter B", "unlock_cost": 0, "completion_points": 50}}, {"model": "api.lesson", "pk": 3, "fields": {"category": 1, "sign_name": "C", "description": "How to sign the letter C", "unlock_cost": 0, "completion_points": 50}}, {"model": "api.lesson", "pk": 4, "fields": {"category": 1, "sign_name": "D", "description": "How to sign the letter D", "unlock_cost": 0, "completion_points": 50}}, {"model": "api.lesson", "pk": 5, "fields": {"category": 1, "sign_name": "E", "description": "How to sign the letter E", "unlock_cost": 0, "completion_points": 50}}, {"model": "api.lesson", "pk": 6, "fields": {"category": 1, "sign_name": "F", "description": "How to sign the letter F", "unlock_cost": 0, "completion_points": 50}}, {"model": "api.lesson", "pk": 7, "fields": {"category": 1, "sign_name": "G", "description": "How to sign the letter G", "unlock_cost": 300, "completion_points": 50}}, {"model": "api.lesson", "pk": 8, "fields": {"category": 1, "sign_name": "H", "description": "How to sign the letter H", "unlock_cost": 300, "completion_points": 50}}, {"model": "api.lesson", "pk": 9, "fields": {"category": 1, "sign_name": "I", "description": "How to sign the letter", "unlock_cost": 300, "completion_points": 50}}, {"model": "api.lesson", "pk": 10, "fields": {"category": 1, "sign_name": "J", "description": "How to sign the letter J", "unlock_cost": 300, "completion_points": 50}}, {"model": "api.lesson", "pk": 11, "fields": {"category": 1, "sign_name": "K", "description": "How to sign the letter K", "unlock_cost": 300, "completion_points": 50}}, {"model": "api.lesson", "pk": 12, "fields": {"category": 1, "sign_name": "L", "description": "How to sign the letter L", "unlock_cost": 300, "completion_points": 50}}, {"model": "api.lesson", "pk": 13, "fields": {"category": 1, "sign_name": "M", "description": "How to sign the letter M", "unlock_cost": 600, "completion_points": 50}}, {"model": "api.lesson", "pk": 14, "fields": {"category": 1, "sign_name": "N", "description": "How to sign the letter N", "unlock_cost": 600, "completion_points": 50}}, {"model": "api.lesson", "pk": 15, "fields": {"category": 1, "sign_name": "O", "description": "How to sign the letter O", "unlock_cost": 600, "completion_points": 50}}, {"model": "api.lesson", "pk": 16, "fields": {"category": 1, "sign_name": "P", "description": "How to sign the letter P", "unlock_cost": 600, "completion_points": 50}}, {"model": "api.lesson", "pk": 17, "fields": {"category": 1, "sign_name": "Q", "description": "How to sign the letter Q", "unlock_cost": 600, "completion_points": 50}}, {"model": "api.lesson", "pk": 18, "fields": {"category": 1, "sign_name": "R", "description": "How to sign the letter R", "unlock_cost": 600, "completion_points": 50}}, {"model": "api.lesson", "pk": 19, "fields": {"category": 1, "sign_name": "S", "description": "How to sign the letter S", "unlock_cost": 900, "completion_points": 50}}, {"model": "api.lesson", "pk": 20, "fields": {"category": 1, "sign_name": "T", "description": "How to sign the letter T", "unlock_cost": 900, "completion_points": 50}}, {"model": "api.lesson", "pk": 21, "fields": {"category": 1, "sign_name": "U", "description": "How to sign the letter U", "unlock_cost": 900, "completion_points": 50}}, {"model": "api.lesson", "pk": 22, "fields": {"category": 1, "sign_name": "V", "description": "How to sign the letter V", "unlock_cost": 900, "completion_points": 50}}, {"model": "api.lesson", "pk": 23, "fields": {"category": 1, "sign_name": "W", "description": "How to sign the letter W", "unlock_cost": 900, "completion_points": 50}}, {"model": "api.lesson", "pk": 24, "fields": {"category": 1, "sign_name": "X", "description": "How to sign the letter X", "unlock_cost": 900, "completion_points": 50}}, {"model": "api.lesson", "pk": 25, "fields": {"category": 1, "sign_name": "Y", "description": "How to sign the letter Y", "unlock_cost": 900, "completion_points": 50}}, {"model": "api.lesson", "pk": 26, "fields": {"category": 1, "sign_name": "Z", "description": "How to sign the letter Z", "unlock_cost": 900, "completion_points": 50}}, {"model": "api.userprogress", "pk": 1, "fields": {"user": ["new_user"], "lesson": 1, "last_practiced_at": "2025-07-15T14:44:15.285Z"}}, {"model": "api.userprogress", "pk": 2, "fields": {"user": ["new_user"], "lesson": 2, "last_practiced_at": "2025-07-23T11:57:28.627Z"}}, {"model": "api.userprogress", "pk": 3, "fields": {"user": ["new_user"], "lesson": 3, "last_practiced_at": "2025-07-23T11:57:51.011Z"}}, {"model": "api.userprogress", "pk": 4, "fields": {"user": ["new_user"], "lesson": 11, "last_practiced_at": "2025-07-23T12:03:11.546Z"}}, {"model": "api.userprogress", "pk": 5, "fields": {"user": ["new_user"], "lesson": 10, "last_practiced_at": "2025-07-23T12:03:17.462Z"}}, {"model": "api.userprogress", "pk": 6, "fields": {"user": ["new_user"], "lesson": 4, "last_practiced_at": "2025-07-23T12:03:51.722Z"}}, {"model": "api.userprogress", "pk": 7, "fields": {"user": ["new_user"], "lesson": 5, "last_practiced_at": "2025-07-23T12:03:55.876Z"}}, {"model": "api.userprogress", "pk": 8, "fields": {"user": ["new_user"], "lesson": 6, "last_practiced_at": "2025-07-23T12:04:00.335Z"}}, {"model": "api.userprogress", "pk": 9, "fields": {"user": ["new_user"], "lesson": 8, "last_practiced_at": "2025-07-23T13:34:37.532Z"}}, {"model": "api.userprogress", "pk": 10, "fields": {"user": ["new_user"], "lesson": 7, "last_practiced_at": "2025-07-23T13:34:47.551Z"}}, {"model": "api.userprogress", "pk": 11, "fields": {"user": ["new_user"], "lesson": 18, "last_practiced_at": "2025-07-29T16:56:24.683Z"}}, {"model": "api.userprogress", "pk": 12, "fields": {"user": ["new_user"], "lesson": 17, "last_practiced_at": "2025-07-30T15:03:56.660Z"}}, {"model": "api.userprogress", "pk": 13, "fields": {"user": ["new_user"], "lesson": 16, "last_practiced_at": "2025-07-30T15:04:04.100Z"}}, {"model": "api.userprogress", "pk": 14, "fields": {"user": ["new_user"], "lesson": 15, "last_practiced_at": "2025-07-30T15:04:08.011Z"}}, {"model": "api.userprogress", "pk": 15, "fields": {"user": ["new_user"], "lesson": 14, "last_practiced_at": "2025-07-30T15:04:14.491Z"}}, {"model": "api.userprogress", "pk": 16, "fields": {"user": ["new_user"], "lesson": 13, "last_practiced_at": "2025-07-30T15:04:19.654Z"}}, {"model": "api.userprogress", "pk": 17, "fields": {"user": ["new_user"], "lesson": 12, "last_practiced_at": "2025-07-30T15:04:23.258Z"}}, {"model": "api.userprogress", "pk": 18, "fields": {"user": ["new_user"], "lesson": 9, "last_practiced_at": "2025-07-30T15:04:34.353Z"}}, {"model": "api.userprogress", "pk": 19, "fields": {"user": ["integrationTest"], "lesson": 1, "last_practiced_at": "2025-08-05T16:50:25.857Z"}}, {"model": "api.userprogress", "pk": 20, "fields": {"user": ["integrationTest"], "lesson": 2, "last_practiced_at": "2025-08-05T16:18:08.237Z"}}, {"model": "api.unlockedlesson", "pk": 1, "fields": {"user": ["new_user"], "lesson": 1, "unlocked_at": "2025-07-22T12:17:14.844Z"}}, {"model": "api.unlockedlesson", "pk": 2, "fields": {"user": ["new_user"], "lesson": 2, "unlocked_at": "2025-07-22T12:26:16.517Z"}}, {"model": "api.unlockedlesson", "pk": 3, "fields": {"user": ["new_user"], "lesson": 3, "unlocked_at": "2025-07-22T12:26:20.559Z"}}, {"model": "api.unlockedlesson", "pk": 4, "fields": {"user": ["new_user"], "lesson": 4, "unlocked_at": "2025-07-22T12:26:23.980Z"}}, {"model": "api.unlockedlesson", "pk": 5, "fields": {"user": ["new_user"], "lesson": 5, "unlocked_at": "2025-07-22T12:26:27.500Z"}}, {"model": "api.unlockedlesson", "pk": 6, "fields": {"user": ["new_user"], "lesson": 6, "unlocked_at": "2025-07-22T12:26:30.279Z"}}, {"model": "api.unlockedlesson", "pk": 79, "fields": {"user": ["Joe"], "lesson": 1, "unlocked_at": "2025-07-25T12:46:09.695Z"}}, {"model": "api.unlockedlesson", "pk": 80, "fields": {"user": ["Joe"], "lesson": 2, "unlocked_at": "2025-07-25T12:46:09.695Z"}}, {"model": "api.unlockedlesson", "pk": 81, "fields": {"user": ["Joe"], "lesson": 3, "unlocked_at": "2025-07-25T12:46:09.695Z"}}, {"model": "api.unlockedlesson", "pk": 82, "fields": {"user": ["Joe"], "lesson": 4, "unlocked_at": "2025-07-25T12:46:09.695Z"}}, {"model": "api.unlockedlesson", "pk": 83, "fields": {"user": ["Joe"], "lesson": 5, "unlocked_at": "2025-07-25T12:46:09.711Z"}}, {"model": "api.unlockedlesson", "pk": 84, "fields": {"user": ["Joe"], "lesson": 6, "unlocked_at": "2025-07-25T12:46:09.711Z"}}, {"model": "api.unlockedlesson", "pk": 85, "fields": {"user": ["integrationTest"], "lesson": 1, "unlocked_at": "2025-08-05T15:38:32.435Z"}}, {"model": "api.unlockedlesson", "pk": 86, "fields": {"user": ["integrationTest"], "lesson": 2, "unlocked_at": "2025-08-05T15:38:32.440Z"}}, {"model": "api.unlockedlesson", "pk": 87, "fields": {"user": ["integrationTest"], "lesson": 3, "unlocked_at": "2025-08-05T15:38:32.445Z"}}, {"model": "api.unlockedlesson", "pk": 88, "fields": {"user": ["integrationTest"], "lesson": 4, "unlocked_at": "2025-08-05T15:38:32.449Z"}}, {"model": "api.unlockedlesson", "pk": 89, "fields": {"user": ["integrationTest"], "lesson": 5, "unlocked_at": "2025-08-05T15:38:32.453Z"}}, {"model": "api.unlockedlesson", "pk": 90, "fields": {"user": ["integrationTest"], "lesson": 6, "unlocked_at": "2025-08-05T15:38:32.458Z"}}, {"model": "api.unlockedlesson", "pk": 91, "fields": {"user": ["integrationTest"], "lesson": 7, "unlocked_at": "2025-08-05T16:26:26.695Z"}}, {"model": "admin.logentry", "pk": 1, "fields": {"action_time": "2025-07-14T12:40:29.672Z", "user": ["Felix"], "content_type": ["api", "category"], "object_id": "1", "object_repr": "Fingerspelling", "action_flag": 1, "change_message": "[{\"added\": {}}]"}}, {"model": "admin.logentry", "pk": 2, "fields": {"action_time": "2025-07-14T12:42:45.488Z", "user": ["Felix"], "content_type": ["api", "lesson"], "object_id": "1", "object_repr": "A", "action_flag": 1, "change_message": "[{\"added\": {}}]"}}, {"model": "admin.logentry", "pk": 3, "fields": {"action_time": "2025-07-14T12:43:09.092Z", "user": ["Felix"], "content_type": ["api", "lesson"], "object_id": "2", "object_repr": "B", "action_flag": 1, "change_message": "[{\"added\": {}}]"}}, {"model": "admin.logentry", "pk": 4, "fields": {"action_time": "2025-07-14T12:43:18.869Z", "user": ["Felix"], "content_type": ["api", "lesson"], "object_id": "2", "object_repr": "B", "action_flag": 2, "change_message": "[]"}}, {"model": "admin.logentry", "pk": 5, "fields": {"action_time": "2025-07-14T12:43:27.420Z", "user": ["Felix"], "content_type": ["api", "lesson"], "object_id": "3", "object_repr": "C", "action_flag": 1, "change_message": "[{\"added\": {}}]"}}, {"model": "admin.logentry", "pk": 6, "fields": {"action_time": "2025-07-14T12:43:35.531Z", "user": ["Felix"], "content_type": ["api", "lesson"], "object_id": "4", "object_repr": "D", "action_flag": 1, "change_message": "[{\"added\": {}}]"}}, {"model": "admin.logentry", "pk": 7, "fields": {"action_time": "2025-07-14T12:43:44.548Z", "user": ["Felix"], "content_type": ["api", "lesson"], "object_id": "5", "object_repr": "E", "action_flag": 1, "change_message": "[{\"added\": {}}]"}}, {"model": "admin.logentry", "pk": 8, "fields": {"action_time": "2025-07-14T12:43:54.433Z", "user": ["Felix"], "content_type": ["api", "lesson"], "object_id": "6", "object_repr": "F", "action_flag": 1, "change_message": "[{\"added\": {}}]"}}, {"model": "admin.logentry", "pk": 9, "fields": {"action_time": "2025-07-14T12:44:21.277Z", "user": ["Felix"], "content_type": ["api", "lesson"], "object_id": "7", "object_repr": "G", "action_flag": 1, "change_message": "[{\"added\": {}}]"}}, {"model": "admin.logentry", "pk": 10, "fields": {"action_time": "2025-07-14T12:44:29.340Z", "user": ["Felix"], "content_type": ["api", "lesson"], "object_id": "8", "object_repr": "H", "action_flag": 1, "change_message": "[{\"added\": {}}]"}}, {"model": "admin.logentry", "pk": 11, "fields": {"action_time": "2025-07-14T12:44:48.189Z", "user": ["Felix"], "content_type": ["api", "lesson"], "object_id": "9", "object_repr": "I", "action_flag": 1, "change_message": "[{\"added\": {}}]"}}, {"model": "admin.logentry", "pk": 12, "fields": {"action_time": "2025-07-14T12:45:04.880Z", "user": ["Felix"], "content_type": ["api", "lesson"], "object_id": "10", "object_repr": "J", "action_flag": 1, "change_message": "[{\"added\": {}}]"}}, {"model": "admin.logentry", "pk": 13, "fields": {"action_time": "2025-07-14T12:45:16.900Z", "user": ["Felix"], "content_type": ["api", "lesson"], "object_id": "11", "object_repr": "K", "action_flag": 1, "change_message": "[{\"added\": {}}]"}}, {"model": "admin.logentry", "pk": 14, "fields": {"action_time": "2025-07-14T12:45:21.003Z", "user": ["Felix"], "content_type": ["api", "lesson"], "object_id": "11", "object_repr": "K", "action_flag": 2, "change_message": "[]"}}, {"model": "admin.logentry", "pk": 15, "fields": {"action_time": "2025-07-14T12:45:29.471Z", "user": ["Felix"], "content_type": ["api", "lesson"], "object_id": "12", "object_repr": "L", "action_flag": 1, "change_message": "[{\"added\": {}}]"}}, {"model": "admin.logentry", "pk": 16, "fields": {"action_time": "2025-07-14T12:45:54.392Z", "user": ["Felix"], "content_type": ["api", "lesson"], "object_id": "13", "object_repr": "M", "action_flag": 1, "change_message": "[{\"added\": {}}]"}}, {"model": "admin.logentry", "pk": 17, "fields": {"action_time": "2025-07-14T12:46:02.755Z", "user": ["Felix"], "content_type": ["api", "lesson"], "object_id": "14", "object_repr": "N", "action_flag": 1, "change_message": "[{\"added\": {}}]"}}, {"model": "admin.logentry", "pk": 18, "fields": {"action_time": "2025-07-14T12:46:11.342Z", "user": ["Felix"], "content_type": ["api", "lesson"], "object_id": "15", "object_repr": "O", "action_flag": 1, "change_message": "[{\"added\": {}}]"}}, {"model": "admin.logentry", "pk": 19, "fields": {"action_time": "2025-07-14T12:46:18.832Z", "user": ["Felix"], "content_type": ["api", "lesson"], "object_id": "16", "object_repr": "P", "action_flag": 1, "change_message": "[{\"added\": {}}]"}}, {"model": "admin.logentry", "pk": 20, "fields": {"action_time": "2025-07-14T12:46:31.277Z", "user": ["Felix"], "content_type": ["api", "lesson"], "object_id": "17", "object_repr": "Q", "action_flag": 1, "change_message": "[{\"added\": {}}]"}}, {"model": "admin.logentry", "pk": 21, "fields": {"action_time": "2025-07-14T12:46:38.447Z", "user": ["Felix"], "content_type": ["api", "lesson"], "object_id": "18", "object_repr": "R", "action_flag": 1, "change_message": "[{\"added\": {}}]"}}, {"model": "admin.logentry", "pk": 22, "fields": {"action_time": "2025-07-14T12:46:57.498Z", "user": ["Felix"], "content_type": ["api", "lesson"], "object_id": "19", "object_repr": "S", "action_flag": 1, "change_message": "[{\"added\": {}}]"}}, {"model": "admin.logentry", "pk": 23, "fields": {"action_time": "2025-07-14T12:47:06.675Z", "user": ["Felix"], "content_type": ["api", "lesson"], "object_id": "20", "object_repr": "T", "action_flag": 1, "change_message": "[{\"added\": {}}]"}}, {"model": "admin.logentry", "pk": 24, "fields": {"action_time": "2025-07-14T12:47:21.276Z", "user": ["Felix"], "content_type": ["api", "lesson"], "object_id": "21", "object_repr": "U", "action_flag": 1, "change_message": "[{\"added\": {}}]"}}, {"model": "admin.logentry", "pk": 25, "fields": {"action_time": "2025-07-14T12:47:29.124Z", "user": ["Felix"], "content_type": ["api", "lesson"], "object_id": "22", "object_repr": "V", "action_flag": 1, "change_message": "[{\"added\": {}}]"}}, {"model": "admin.logentry", "pk": 26, "fields": {"action_time": "2025-07-14T12:47:36.556Z", "user": ["Felix"], "content_type": ["api", "lesson"], "object_id": "23", "object_repr": "W", "action_flag": 1, "change_message": "[{\"added\": {}}]"}}, {"model": "admin.logentry", "pk": 27, "fields": {"action_time": "2025-07-14T12:47:43.431Z", "user": ["Felix"], "content_type": ["api", "lesson"], "object_id": "24", "object_repr": "X", "action_flag": 1, "change_message": "[{\"added\": {}}]"}}, {"model": "admin.logentry", "pk": 28, "fields": {"action_time": "2025-07-14T12:47:51.656Z", "user": ["Felix"], "content_type": ["api", "lesson"], "object_id": "25", "object_repr": "Y", "action_flag": 1, "change_message": "[{\"added\": {}}]"}}, {"model": "admin.logentry", "pk": 29, "fields": {"action_time": "2025-07-14T12:47:58.629Z", "user": ["Felix"], "content_type": ["api", "lesson"], "object_id": "26", "object_repr": "Z", "action_flag": 1, "change_message": "[{\"added\": {}}]"}}, {"model": "admin.logentry", "pk": 30, "fields": {"action_time": "2025-07-15T13:18:21.992Z", "user": ["Felix"], "content_type": ["api", "user"], "object_id": "3", "object_repr": "testuser", "action_flag": 2, "change_message": "[{\"changed\": {\"fields\": [\"Last login\", \"Total points\"]}}]"}}, {"model": "admin.logentry", "pk": 31, "fields": {"action_time": "2025-07-15T13:53:13.635Z", "user": ["Felix"], "content_type": ["api", "user"], "object_id": "4", "object_repr": "new_user", "action_flag": 2, "change_message": "[{\"changed\": {\"fields\": [\"Total points\"]}}]"}}, {"model": "admin.logentry", "pk": 32, "fields": {"action_time": "2025-07-15T14:37:52.403Z", "user": ["Felix"], "content_type": ["api", "userprogress"], "object_id": "1", "object_repr": "UserProgress object (1)", "action_flag": 1, "change_message": "[{\"added\": {}}]"}}, {"model": "admin.logentry", "pk": 33, "fields": {"action_time": "2025-07-15T14:44:15.285Z", "user": ["Felix"], "content_type": ["api", "userprogress"], "object_id": "1", "object_repr": "UserProgress object (1)", "action_flag": 2, "change_message": "[{\"changed\": {\"fields\": [\"User\"]}}]"}}, {"model": "admin.logentry", "pk": 34, "fields": {"action_time": "2025-07-15T17:52:07.123Z", "user": ["Felix"], "content_type": ["api", "user"], "object_id": "4", "object_repr": "new_user", "action_flag": 2, "change_message": "[{\"changed\": {\"fields\": [\"Current streak\", \"Last streak date\"]}}]"}}, {"model": "admin.logentry", "pk": 35, "fields": {"action_time": "2025-07-15T17:55:25.016Z", "user": ["Felix"], "content_type": ["api", "user"], "object_id": "4", "object_repr": "new_user", "action_flag": 2, "change_message": "[{\"changed\": {\"fields\": [\"Current streak\"]}}]"}}, {"model": "admin.logentry", "pk": 36, "fields": {"action_time": "2025-07-22T12:17:14.847Z", "user": ["Felix"], "content_type": ["api", "unlockedlesson"], "object_id": "1", "object_repr": "UnlockedLesson object (1)", "action_flag": 1, "change_message": "[{\"added\": {}}]"}}, {"model": "admin.logentry", "pk": 37, "fields": {"action_time": "2025-07-22T12:26:16.519Z", "user": ["Felix"], "content_type": ["api", "unlockedlesson"], "object_id": "2", "object_repr": "UnlockedLesson object (2)", "action_flag": 1, "change_message": "[{\"added\": {}}]"}}, {"model": "admin.logentry", "pk": 38, "fields": {"action_time": "2025-07-22T12:26:20.562Z", "user": ["Felix"], "content_type": ["api", "unlockedlesson"], "object_id": "3", "object_repr": "UnlockedLesson object (3)", "action_flag": 1, "change_message": "[{\"added\": {}}]"}}, {"model": "admin.logentry", "pk": 39, "fields": {"action_time": "2025-07-22T12:26:23.982Z", "user": ["Felix"], "content_type": ["api", "unlockedlesson"], "object_id": "4", "object_repr": "UnlockedLesson object (4)", "action_flag": 1, "change_message": "[{\"added\": {}}]"}}, {"model": "admin.logentry", "pk": 40, "fields": {"action_time": "2025-07-22T12:26:27.502Z", "user": ["Felix"], "content_type": ["api", "unlockedlesson"], "object_id": "5", "object_repr": "UnlockedLesson object (5)", "action_flag": 1, "change_message": "[{\"added\": {}}]"}}, {"model": "admin.logentry", "pk": 41, "fields": {"action_time": "2025-07-22T12:26:30.282Z", "user": ["Felix"], "content_type": ["api", "unlockedlesson"], "object_id": "6", "object_repr": "UnlockedLesson object (6)", "action_flag": 1, "change_message": "[{\"added\": {}}]"}}, {"model": "admin.logentry", "pk": 42, "fields": {"action_time": "2025-07-22T15:46:29.621Z", "user": ["Felix"], "content_type": ["api", "unlockedlesson"], "object_id": "6", "object_repr": "UnlockedLesson object (6)", "action_flag": 2, "change_message": "[{\"changed\": {\"fields\": [\"User\"]}}]"}}, {"model": "admin.logentry", "pk": 43, "fields": {"action_time": "2025-07-22T15:47:23.820Z", "user": ["Felix"], "content_type": ["api", "unlockedlesson"], "object_id": "6", "object_repr": "UnlockedLesson object (6)", "action_flag": 2, "change_message": "[]"}}, {"model": "admin.logentry", "pk": 44, "fields": {"action_time": "2025-07-22T15:47:26.190Z", "user": ["Felix"], "content_type": ["api", "unlockedlesson"], "object_id": "6", "object_repr": "UnlockedLesson object (6)", "action_flag": 2, "change_message": "[]"}}, {"model": "admin.logentry", "pk": 45, "fields": {"action_time": "2025-07-22T15:47:28.825Z", "user": ["Felix"], "content_type": ["api", "unlockedlesson"], "object_id": "5", "object_repr": "UnlockedLesson object (5)", "action_flag": 2, "change_message": "[{\"changed\": {\"fields\": [\"User\"]}}]"}}, {"model": "admin.logentry", "pk": 46, "fields": {"action_time": "2025-07-22T15:47:31.824Z", "user": ["Felix"], "content_type": ["api", "unlockedlesson"], "object_id": "4", "object_repr": "UnlockedLesson object (4)", "action_flag": 2, "change_message": "[{\"changed\": {\"fields\": [\"User\"]}}]"}}, {"model": "admin.logentry", "pk": 47, "fields": {"action_time": "2025-07-22T15:47:35.132Z", "user": ["Felix"], "content_type": ["api", "unlockedlesson"], "object_id": "3", "object_repr": "UnlockedLesson object (3)", "action_flag": 2, "change_message": "[{\"changed\": {\"fields\": [\"User\"]}}]"}}, {"model": "admin.logentry", "pk": 48, "fields": {"action_time": "2025-07-22T15:47:38.458Z", "user": ["Felix"], "content_type": ["api", "unlockedlesson"], "object_id": "1", "object_repr": "UnlockedLesson object (1)", "action_flag": 2, "change_message": "[{\"changed\": {\"fields\": [\"User\"]}}]"}}, {"model": "admin.logentry", "pk": 49, "fields": {"action_time": "2025-07-22T15:47:41.357Z", "user": ["Felix"], "content_type": ["api", "unlockedlesson"], "object_id": "2", "object_repr": "UnlockedLesson object (2)", "action_flag": 2, "change_message": "[{\"changed\": {\"fields\": [\"User\"]}}]"}}, {"model": "admin.logentry", "pk": 50, "fields": {"action_time": "2025-07-22T15:47:43.442Z", "user": ["Felix"], "content_type": ["api", "unlockedlesson"], "object_id": "3", "object_repr": "UnlockedLesson object (3)", "action_flag": 2, "change_message": "[]"}}, {"model": "admin.logentry", "pk": 51, "fields": {"action_time": "2025-07-22T16:32:46.432Z", "user": ["Felix"], "content_type": ["api", "user"], "object_id": "4", "object_repr": "new_user", "action_flag": 2, "change_message": "[{\"changed\": {\"fields\": [\"Total points\"]}}]"}}, {"model": "admin.logentry", "pk": 52, "fields": {"action_time": "2025-07-25T12:24:36.410Z", "user": ["Felix"], "content_type": ["api", "user"], "object_id": "5", "object_repr": "joe", "action_flag": 3, "change_message": ""}}, {"model": "admin.logentry", "pk": 53, "fields": {"action_time": "2025-07-25T12:25:26.088Z", "user": ["Felix"], "content_type": ["api", "user"], "object_id": "6", "object_repr": "joe", "action_flag": 3, "change_message": ""}}, {"model": "admin.logentry", "pk": 54, "fields": {"action_time": "2025-07-25T12:25:54.852Z", "user": ["Felix"], "content_type": ["api", "user"], "object_id": "7", "object_repr": "joe", "action_flag": 3, "change_message": ""}}, {"model": "admin.logentry", "pk": 55, "fields": {"action_time": "2025-07-25T12:29:32.416Z", "user": ["Felix"], "content_type": ["api", "user"], "object_id": "8", "object_repr": "joe", "action_flag": 3, "change_message": ""}}, {"model": "admin.logentry", "pk": 56, "fields": {"action_time": "2025-07-25T12:32:14.004Z", "user": ["Felix"], "content_type": ["api", "user"], "object_id": "9", "object_repr": "joe", "action_flag": 3, "change_message": ""}}, {"model": "admin.logentry", "pk": 57, "fields": {"action_time": "2025-07-25T12:32:25.475Z", "user": ["Felix"], "content_type": ["api", "user"], "object_id": "10", "object_repr": "joe", "action_flag": 3, "change_message": ""}}, {"model": "admin.logentry", "pk": 58, "fields": {"action_time": "2025-07-25T12:33:20.176Z", "user": ["Felix"], "content_type": ["api", "user"], "object_id": "11", "object_repr": "joe", "action_flag": 3, "change_message": ""}}, {"model": "admin.logentry", "pk": 59, "fields": {"action_time": "2025-07-25T12:33:45.573Z", "user": ["Felix"], "content_type": ["api", "user"], "object_id": "12", "object_repr": "joe", "action_flag": 3, "change_message": ""}}, {"model": "admin.logentry", "pk": 60, "fields": {"action_time": "2025-07-25T12:36:56.874Z", "user": ["Felix"], "content_type": ["api", "user"], "object_id": "13", "object_repr": "joe", "action_flag": 3, "change_message": ""}}, {"model": "admin.logentry", "pk": 61, "fields": {"action_time": "2025-07-25T12:42:26.341Z", "user": ["Felix"], "content_type": ["api", "user"], "object_id": "14", "object_repr": "joe", "action_flag": 3, "change_message": ""}}, {"model": "admin.logentry", "pk": 62, "fields": {"action_time": "2025-07-25T12:42:49.205Z", "user": ["Felix"], "content_type": ["api", "user"], "object_id": "15", "object_repr": "joe", "action_flag": 3, "change_message": ""}}, {"model": "admin.logentry", "pk": 63, "fields": {"action_time": "2025-07-25T12:43:23.076Z", "user": ["Felix"], "content_type": ["api", "user"], "object_id": "16", "object_repr": "joe", "action_flag": 3, "change_message": ""}}, {"model": "admin.logentry", "pk": 64, "fields": {"action_time": "2025-08-05T16:18:02.374Z", "user": ["Felix"], "content_type": ["api", "userprogress"], "object_id": "19", "object_repr": "UserProgress object (19)", "action_flag": 1, "change_message": "[{\"added\": {}}]"}}, {"model": "admin.logentry", "pk": 65, "fields": {"action_time": "2025-08-05T16:18:08.239Z", "user": ["Felix"], "content_type": ["api", "userprogress"], "object_id": "20", "object_repr": "UserProgress object (20)", "action_flag": 1, "change_message": "[{\"added\": {}}]"}}, {"model": "admin.logentry", "pk": 66, "fields": {"action_time": "2025-08-05T16:25:14.663Z", "user": ["Felix"], "content_type": ["api", "user"], "object_id": "18", "object_repr": "integrationTest", "action_flag": 2, "change_message": "[{\"changed\": {\"fields\": [\"Total points\"]}}]"}}, {"model": "admin.logentry", "pk": 67, "fields": {"action_time": "2025-08-05T16:26:24.081Z", "user": ["Felix"], "content_type": ["api", "user"], "object_id": "18", "object_repr": "integrationTest", "action_flag": 2, "change_message": "[{\"changed\": {\"fields\": [\"Total points\"]}}]"}}]